Workbook

Sheet 급여대장
A2: 정민호 | B2: =$B$34 -> 1월 | C2: 계약건: | D2: =COUNTIF($C4:$C28,"계약")+(COUNTIF($C4:$C28,"계약2")*2) -> 0 | E2: =COUNTIF(C4:C28,"낙찰수수료") -> 0 | F2: 본사 : 14명 | H2: 0.5 | I2: 0.033
A3: 날짜 | B3: 고객명 | C3: 항목 | D3: VAT | E3: 입금액 | F3: 매출 | G3: 부가세 | H3: 소득신고 | I3: 소득세 | J3: 공제 | K3: 실지급(법인) | L3: 실지급(개인) | M3: 비고
F4: =IF(D4="no",E4,E4/1.1) -> 0 | G4: =IF(D4="no",0,F4*0.1) -> 0 | H4: =IF(D4="no",0,F4*H2) -> 0 | I4: =IF(D4="no",0,H4*3.3%) -> 0 | K4: =IF(D4="no",0,H4-I4-J4) -> 0 | L4: =IF(D4="no",F4*H2-J4,0) -> 0
F5: =IF(D5="no",E5,E5/1.1) -> 0 | G5: =IF(D5="no",0,F5*0.1) -> 0 | H5: =IF(D5="no",0,F5*H2) -> 0 | I5: =IF(D5="no",0,H5*3.3%) -> 0 | K5: =IF(D5="no",0,H5-I5-J5) -> 0 | L5: =IF(D5="no",F5*H2-J5,0) -> 0
F6: =IF(D6="no",E6,E6/1.1) -> 0 | G6: =IF(D6="no",0,F6*0.1) -> 0 | H6: =IF(D6="no",0,F6*H2) -> 0 | I6: =IF(D6="no",0,H6*3.3%) -> 0 | K6: =IF(D6="no",0,H6-I6-J6) -> 0 | L6: =IF(D6="no",F6*H2-J6,0) -> 0 | M6: 수임비용 | Q6: 55만 | R6: 계약1
F7: =IF(D7="no",E7,E7/1.1) -> 0 | G7: =IF(D7="no",0,F7*0.1) -> 0 | H7: =IF(D7="no",0,F7*H2) -> 0 | I7: =IF(D7="no",0,H7*3.3%) -> 0 | K7: =IF(D7="no",0,H7-I7-J7) -> 0 | L7: =IF(D7="no",F7*H2-J7,0) -> 0 | M7: 원() | Q7: 110만 | R7: 계약1
F8: =IF(D8="no",E8,E8/1.1) -> 0 | G8: =IF(D8="no",0,F8*0.1) -> 0 | H8: =IF(D8="no",0,F8*H2) -> 0 | I8: =IF(D8="no",0,H8*3.3%) -> 0 | K8: =IF(D8="no",0,H8-I8-J8) -> 0 | L8: =IF(D8="no",F8*H2-J8,0) -> 0 | M8: 등기, 명도비용 | Q8: 220만 | R8: 계약2
F9: =IF(D9="no",E9,E9/1.1) -> 0 | G9: =IF(D9="no",0,F9*0.1) -> 0 | H9: =IF(D9="no",0,F9*H2) -> 0 | I9: =IF(D9="no",0,H9*3.3%) -> 0 | K9: =IF(D9="no",0,H9-I9-J9) -> 0 | L9: =IF(D9="no",F9*H2-J9,0) -> 0 | M9: 원() | Q9: 1200만원 이상시 팀장수당지급
M10: 원() | P10: =SUM(P5:P9) -> 0
F11: =IF(D11="no",E11,E11/1.1) -> 0 | G11: =IF(D11="no",0,F11*0.1) -> 0 | H11: =IF(D11="no",0,F11*H2) -> 0 | I11: =IF(D11="no",0,H11*3.3%) -> 0 | K11: =IF(D11="no",0,H11-I11-J11) -> 0
F13: =IF(D13="no",E13,E13/1.1) -> 0 | G13: =IF(D13="no",0,F13*0.1) -> 0 | H13: =IF(D13="no",0,F13*H2) -> 0 | I13: =IF(D13="no",0,H13*3.3%) -> 0 | K13: =IF(D13="no",0,H13-I13-J13) -> 0
F14: =IF(D14="no",E14,E14/1.1) -> 0 | G14: =IF(D14="no",0,F14*0.1) -> 0 | H14: =IF(D14="no",0,F14*H2) -> 0 | I14: =IF(D14="no",0,H14*3.3%) -> 0 | K14: =IF(D14="no",0,H14-I14-J14) -> 0 | M14: 총합계 : 원
F15: =IF(D15="no",E15,E15/1.1) -> 0 | G15: =IF(D15="no",0,F15*0.1) -> 0 | H15: =IF(D15="no",0,F15*H2) -> 0 | I15: =IF(D15="no",0,H15*3.3%) -> 0 | K15: =IF(D15="no",0,H15-I15-J15) -> 0
F16: =IF(D16="no",E16,E16/1.1) -> 0 | G16: =IF(D16="no",0,F16*0.1) -> 0 | H16: =IF(D16="no",0,F16*H2) -> 0 | I16: =IF(D16="no",0,H16*3.3%) -> 0 | K16: =IF(D16="no",0,H16-I16-J16) -> 0 | M16: 율해급여
F17: =IF(D17="no",E17,E17/1.1) -> 0 | G17: =IF(D17="no",0,F17*0.1) -> 0 | H17: =IF(D17="no",0,F17*H2) -> 0 | I17: =IF(D17="no",0,H17*3.3%) -> 0 | K17: =IF(D17="no",0,H17-I17-J17) -> 0 | M17: 원
F18: =IF(D18="no",E18,E18/1.1) -> 0 | G18: =IF(D18="no",0,F18*0.1) -> 0 | H18: =IF(D18="no",0,F18*H2) -> 0 | I18: =IF(D18="no",0,H18*3.3%) -> 0 | K18: =IF(D18="no",0,H18-I18-J18) -> 0 | M18: 총합계 : +원
I21: =IF(D21="no",0,H21*3.3%) -> 0 | K21: =IF(D21="no",0,H21-I21-J21) -> 0 | M21: 미지급금액
I22: =IF(D22="no",0,H22*3.3%) -> 0 | K22: =IF(D22="no",0,H22-I22-J22) -> 0 | L22: =IF(D22="no",F22*H9-J22,0) -> 0 | M22: 2,092,516원(2024-08) | P22: 2092516
F23: =IF(D23="no",E23,E23/1.1) -> 0 | G23: =IF(D23="no",0,F23*0.1) -> 0 | H23: =IF(D23="no",0,F23*H2) -> 0 | I23: =IF(D23="no",0,H23*3.3%) -> 0 | K23: =IF(D23="no",0,H23-I23-J23) -> 0 | M23: 2,842,287원(2024-07) | P23: 2842287
A24: 2026-01-00 | B24: 율해급여공제 | F24: =IF(D24="no",E24,E24/1.1) -> 0 | G24: =IF(D24="no",0,F24*0.1) -> 0 | I24: =IF(D24="no",0,H24*3.3%) -> 0 | K24: =IF(D24="no",0,H24-I24-J24) -> 0 | L24: =IF(D24="no",F24*H5-J24,0) -> 0 | M24: 2,110,836원(2024-06) | P24: 2110836
A25: 2026-01-00 | B25: 명도비정산 | F25: =IF(D25="no",E25,E25/1.1) -> 0 | G25: =IF(D25="no",0,F25*0.1) -> 0 | H25: =(E30+E31+N30)/0.967 -> 0 | I25: =IF(D25="no",0,H25*3.3%) -> 0 | K25: =IF(D25="no",0,H25-I25-J25) -> 0 | L25: =IF(D25="no",F25*H8-J25,0) -> 0 | M25: 2,054,302원(2024-05) | P25: 2054302
A26: 2026-01-00 | B26: 개인포상 | F26: =IF(D26="no",E26,E26/1.1) -> 0 | G26: =IF(D26="no",0,F26*0.1) -> 0 | H26: 0 | I26: =IF(D26="no",0,H26*3.3%) -> 0 | K26: =IF(D26="no",0,H26-I26-J26) -> 0 | L26: =IF(D26="no",F26*H9-J26,0) -> 0 | M26: 814,269원(2024-04) | P26: 814269
A27: 2026-01-00 | B27: 직급수당 | I27: =IF(D27="no",0,H27*3.3%) -> 0 | K27: =IF(D27="no",0,H27-I27-J27) -> 0 | L27: =IF(D27="no",F27*H11-J27,0) -> 0 | M27: 미지급총합계
A28: 2026-01-00 | B28: 목표매출포상 | F28: =IF(D28="no",E28,E28/1.1) -> 0 | G28: =IF(D28="no",0,F28*0.1) -> 0 | I28: =IF(D28="no",0,H28*3.3%) -> 0 | L28: 0 | M28: 9,914,210원 | P28: =SUM(P22:P26) -> 9914210
A29: 실적 합계 | E29: =SUM(E4:E28) -> 0 | F29: =SUM(F4:F28) -> 0 | G29: =SUM(G4:G28) -> 0 | H29: =SUM(H4:H28) -> 0 | I29: =SUM(I4:I28) -> 0 | J29: =SUM(J4:J28) -> 0 | K29: =SUM(K4:K28) -> 0 | L29: =SUM(L4:L28) -> 0
A30: 개인포상 | B30: 개인 계약실적 | C30: =D2 -> 0 | D30: 건 | F30: 본사 계약(건) | G30: =C108+C136+C163+C369+C399+C213+C337+C236+C260+C284+C302+C418+C441 -> 46 | I30: 식비공제(법인)
A31: 자동계산 | B31: 개인 매출실적 | C31: =ROUND(F29/10000,0) -> 0 | D31: 만원 | F31: 본사 실적(만원) | G31: =C109+C137+C164+C214+C237+C261+C338+C370+C400+C285+C303+C419+C442 -> 8932
A32: 실적포상, 공제 반영한 최종 정산 | F32: 식비공제후 (법인) 신고액 | H32: =H29-J30 -> 0 | I32: =H32*3.3% -> 0 | J32: =SUM(J29) -> 0 | K32: 5428700 | L32: =L29 -> 0 | M32: =K32 -> 5428700
A34: 서정수 | B34: 1월 | C34: 계약건: | D34: =COUNTIF($C36:$C55,"계약")+(COUNTIF($C36:$C55,"계약2")*2) -> 4 | E34: =COUNTIF(C36:C55,"낙찰수수료") -> 0 | H34: 0.5 | I34: 0.033
A35: 날짜 | B35: 고객명 | C35: 항목 | D35: VAT | E35: 입금액 | F35: 매출 | G35: 부가세 | H35: 소득신고 | I35: 소득세 | J35: 공제 | K35: 실지급(법인) | L35: 실지급(개인) | M35: 비고
A36: 46029 | B36: (주)으뜸 | C36: 계약2 | E36: 2200000 | F36: =IF(D36="no",E36,E36/1.1) -> 2000000 | G36: =IF(D36="no",0,F36*0.1) -> 200000 | H36: =IF(D36="no",0,F36*H34) -> 1000000 | I36: =IF(D36="no",0,H36*3.3%) -> 33000 | K36: =IF(D36="no",0,H36-I36-J36) -> 967000 | L36: =IF(D36="no",F36*H34-J36,0) -> 0
A37: 46048 | B37: (주)가온엔피엘대부 | C37: 계약2 | E37: 2200000 | F37: =IF(D37="no",E37,E37/1.1) -> 2000000 | G37: =IF(D37="no",0,F37*0.1) -> 200000 | H37: =IF(D37="no",0,F37*H482) -> 1000000 | I37: =IF(D37="no",0,H37*3.3%) -> 33000 | K37: =IF(D37="no",0,H37-I37-J37) -> 967000 | L37: =IF(D37="no",F37*H34-J37,0) -> 0
F38: =IF(D38="no",E38,E38/1.1) -> 0 | G38: =IF(D38="no",0,F38*0.1) -> 0 | H38: =IF(D38="no",0,F38*H34) -> 0 | I38: =IF(D38="no",0,H38*3.3%) -> 0 | K38: =IF(D38="no",0,H38-I38-J38) -> 0 | L38: =IF(D38="no",F38*H34-J38,0) -> 0
F39: =IF(D39="no",E39,E39/1.1) -> 0 | G39: =IF(D39="no",0,F39*0.1) -> 0 | H39: =IF(D39="no",0,F39*H34) -> 0 | I39: =IF(D39="no",0,H39*3.3%) -> 0 | K39: =IF(D39="no",0,H39-I39-J39) -> 0 | L39: =IF(D39="no",F39*H34-J39,0) -> 0
F40: =IF(D40="no",E40,E40/1.1) -> 0 | G40: =IF(D40="no",0,F40*0.1) -> 0 | H40: =IF(D40="no",0,F40*H34) -> 0 | I40: =IF(D40="no",0,H40*3.3%) -> 0 | K40: =IF(D40="no",0,H40-I40-J40) -> 0 | L40: =IF(D40="no",F40*H33-J40,0) -> 0
F41: =IF(D41="no",E41,E41/1.1) -> 0 | G41: =IF(D41="no",0,F41*0.1) -> 0 | H41: =IF(D41="no",0,F41*H34) -> 0 | I41: =IF(D41="no",0,H41*3.3%) -> 0 | K41: =IF(D41="no",0,H41-I41-J41) -> 0 | L41: =IF(D41="no",F41*H34-J41,0) -> 0 | P41: =SUM(P36:P40) -> 0
F42: =IF(D42="no",E42,E42/1.1) -> 0 | G42: =IF(D42="no",0,F42*0.1) -> 0 | H42: =IF(D42="no",0,F42*H34) -> 0 | I42: =IF(D42="no",0,H42*3.3%) -> 0 | K42: =IF(D42="no",0,H42-I42-J42) -> 0 | L42: =IF(D42="no",F42*H34-J42,0) -> 0
F43: =IF(D43="no",E43,E43/1.1) -> 0 | G43: =IF(D43="no",0,F43*0.1) -> 0 | H43: =IF(D43="no",0,F43*H34) -> 0 | I43: =IF(D43="no",0,H43*3.3%) -> 0 | K43: =IF(D43="no",0,H43-I43-J43) -> 0 | L43: =IF(D43="no",F43*H34-J43,0) -> 0
F44: =IF(D44="no",E44,E44/1.1) -> 0 | G44: =IF(D44="no",0,F44*0.1) -> 0 | H44: =IF(D44="no",0,F44*H34) -> 0 | I44: =IF(D44="no",0,H44*3.3%) -> 0 | K44: =IF(D44="no",0,H44-I44-J44) -> 0 | L44: =IF(D44="no",F44*H35-J44,0) -> 0
F46: =IF(D46="no",E46,E46/1.1) -> 0 | G46: =IF(D46="no",0,F46*0.1) -> 0 | H46: =IF(D46="no",0,F46*H34) -> 0 | I46: =IF(D46="no",0,H46*3.3%) -> 0 | K46: =IF(D46="no",0,H46-I46-J46) -> 0 | L46: =IF(D46="no",F46*H34-J46,0) -> 0
F48: =IF(D48="no",E48,E48/1.1) -> 0 | G48: =IF(D48="no",0,F48*0.1) -> 0 | H48: =IF(D48="no",0,F48*H36) -> 0 | I48: =IF(D48="no",0,H48*3.3%) -> 0 | K48: =IF(D48="no",0,H48-I48-J48) -> 0 | L48: =IF(D48="no",F48*H36-J48,0) -> 0
F49: =IF(D49="no",E49,E49/1.1) -> 0 | G49: =IF(D49="no",0,F49*0.1) -> 0 | H49: =IF(D49="no",0,F49*H34) -> 0 | I49: =IF(D49="no",0,H49*3.3%) -> 0 | K49: =IF(D49="no",0,H49-I49-J49) -> 0 | L49: =IF(D49="no",F49*H34-J49,0) -> 0
F50: =IF(D50="no",E50,E50/1.1) -> 0 | G50: =IF(D50="no",0,F50*0.1) -> 0 | H50: =IF(D50="no",0,F50*H34) -> 0 | I50: =IF(D50="no",0,H50*3.3%) -> 0 | K50: =IF(D50="no",0,H50-I50-J50) -> 0 | L50: =IF(D50="no",F50*H34-J50,0) -> 0
A51: 2026-01-00 | B51: 수임료정산 | F51: =IF(D51="no",E51,E51/1.1) -> 0 | G51: =IF(D51="no",0,F51*0.1) -> 0 | H51: 0 | I51: =IF(D51="no",0,H51*3.3%) -> 0 | J51: 0 | K51: =IF(D51="no",0,H51-I51-J51) -> 0 | L51: =IF(D51="no",F51*H34-J51,0) -> 0
A52: 2026-01-00 | B52: 미지급정산 | F52: =IF(D52="no",E52,E52/1.1) -> 0 | G52: =IF(D52="no",0,F52*0.1) -> 0 | H52: 0 | I52: =IF(D53="no",0,H52*3.3%) -> 0 | K52: =IF(D53="no",0,H52-I52-J53) -> 0 | L52: =IF(D52="no",F52*H34-J52,0) -> 0
A53: 2026-01-00 | B53: 기타 | F53: =IF(D53="no",E53,E53/1.1) -> 0 | G53: =IF(D53="no",0,F53*0.1) -> 0 | H53: 0 | I53: =IF(D54="no",0,H53*3.3%) -> 0 | K53: =IF(D54="no",0,H53-I53-J54) -> 0 | L53: =IF(D53="no",F53*H35-J53,0) -> 0
A54: 2026-01-00 | B54: 개인포상 | F54: =IF(D54="no",E54,E54/1.1) -> 0 | G54: =IF(D54="no",0,F54*0.1) -> 0 | I54: =IF(D55="no",0,H54*3.3%) -> 0 | K54: =IF(D54="no",0,H54-I54-J54) -> 0 | L54: =IF(D54="no",F54*H36-J54,0) -> 0
A55: 2026-01-00 | B55: 직급수당 | F55: =IF(D55="no",E55,E55/1.1) -> 0 | G55: =IF(D55="no",0,F55*0.1) -> 0 | H55: 2000000 | I55: =IF(D55="no",0,H55*3.3%) -> 66000 | K55: =IF(D55="no",0,H55-I55-J55) -> 1934000 | L55: =IF(D55="no",F55*H34-J55,0) -> 0
A56: 실적 합계 | E56: =SUM(E36:E55) -> 4400000 | F56: =SUM(F36:F55) -> 4000000 | G56: =SUM(G36:G55) -> 400000 | H56: =SUM(H36:H55) -> 4000000 | I56: =SUM(I36:I55) -> 132000 | J56: =SUM(J36:J55) -> 0 | K56: =SUM(K36:K55) -> 3868000 | L56: =SUM(L36:L55) -> 0
A57: 개인포상 | B57: 개인 계약실적 | C57: =D34 -> 4 | D57: 건 | I57: 식비공제(법인)
A59: 자동계산 | B59: 개인 매출실적 | C59: =ROUND(F56/10000,0) -> 400 | D59: 만원 | M59: 그외미지급(2,927,500)
A60: 실적포상, 공제 반영한 최종 정산 | F60: 식비공제후 (법인) 신고액 | H60: =H56-J57 -> 4000000 | I60: =H60*3.3% -> 132000 | J60: =SUM(J57) -> 0 | K60: =H60-I60-J60 -> 3868000 | M60: =K60+L60 -> 3868000
H61: 1
A62: 김민서 | B62: =$B$34 -> 1월 | C62: 계약건: | D62: =COUNTIF($C64:$C76,"계약")+(COUNTIF($C64:$C76,"계약2")*2) -> 0 | E62: =COUNTIF(C64:C76,"낙찰수수료") -> 0 | G62: 2021.05.31 | H62: 0.5 | I62: 0.033
A63: 날짜 | B63: 고객명 | C63: 항목 | D63: VAT | E63: 입금액 | F63: 매출 | G63: 부가세 | H63: 소득신고 | I63: 소득세 | J63: 공제 | K63: 실지급(법인) | L63: 실지급(개인) | M63: 비고
F64: =IF(D64="no",E64,E64/1.1) -> 0 | G64: =IF(D64="no",0,F64*0.1) -> 0 | H64: =IF(D64="no",0,F64*H62) -> 0 | I64: =IF(D64="no",0,H64*3.3%) -> 0 | K64: =IF(D64="no",0,H64-I64-J64) -> 0 | L64: =IF(D64="no",F64*H62-J64,0) -> 0
F65: =IF(D65="no",E65,E65/1.1) -> 0 | G65: =IF(D65="no",0,F65*0.1) -> 0 | H65: =IF(D65="no",0,F65*H62) -> 0 | I65: =IF(D65="no",0,H65*3.3%) -> 0 | K65: =IF(D65="no",0,H65-I65-J65) -> 0 | L65: =IF(D65="no",F65*H62-J65,0) -> 0
F66: =IF(D66="no",E66,E66/1.1) -> 0 | G66: =IF(D66="no",0,F66*0.1) -> 0 | H66: =IF(D66="no",0,F66*H62) -> 0 | I66: =IF(D66="no",0,H66*3.3%) -> 0 | K66: =IF(D66="no",0,H66-I66-J66) -> 0 | L66: =IF(D66="no",F66*H62-J66,0) -> 0
F67: =IF(D67="no",E67,E67/1.1) -> 0 | G67: =IF(D67="no",0,F67*0.1) -> 0 | H67: =IF(D67="no",0,F67*H62) -> 0 | I67: =IF(D67="no",0,H67*3.3%) -> 0 | K67: =IF(D67="no",0,H67-I67-J67) -> 0 | L67: =IF(D67="no",F67*H62-J67,0) -> 0
F68: =IF(D68="no",E68,E68/1.1) -> 0 | G68: =IF(D68="no",0,F68*0.1) -> 0 | H68: =IF(D68="no",0,F68*H62) -> 0 | I68: =IF(D68="no",0,H68*3.3%) -> 0 | K68: =IF(D68="no",0,H68-I68-J68) -> 0 | L68: =IF(D68="no",F68*H62-J68,0) -> 0
F69: =IF(D69="no",E69,E69/1.1) -> 0 | G69: =IF(D69="no",0,F69*0.1) -> 0 | H69: =IF(D69="no",0,F69*H62) -> 0 | I69: =IF(D69="no",0,H69*3.3%) -> 0 | K69: =IF(D69="no",0,H69-I69-J69) -> 0 | L69: =IF(D69="no",F69*H62-J69,0) -> 0
F70: =IF(D70="no",E70,E70/1.1) -> 0 | G70: =IF(D70="no",0,F70*0.1) -> 0 | H70: =IF(D70="no",0,F70*H62) -> 0 | I70: =IF(D70="no",0,H70*3.3%) -> 0 | K70: =IF(D70="no",0,H70-I70-J70) -> 0 | L70: =IF(D70="no",F70*H63-J70,0) -> 0
F71: =IF(D71="no",E71,E71/1.1) -> 0 | G71: =IF(D71="no",0,F71*0.1) -> 0 | H71: =IF(D71="no",0,F71*H62) -> 0 | I71: =IF(D71="no",0,H71*3.3%) -> 0 | K71: =IF(D71="no",0,H71-I71-J71) -> 0 | L71: =IF(D71="no",F71*H62-J71,0) -> 0
F72: =IF(D72="no",E72,E72/1.1) -> 0 | G72: =IF(D72="no",0,F72*0.1) -> 0 | H72: =IF(D72="no",0,F72*H62) -> 0 | I72: =IF(D72="no",0,H72*3.3%) -> 0 | K72: =IF(D72="no",0,H72-I72-J72) -> 0 | L72: =IF(D72="no",F72*H62-J72,0) -> 0
H73: =IF(D73="no",0,F73*H62) -> 0 | I73: =IF(D73="no",0,H73*3.3%) -> 0 | K73: =IF(D73="no",0,H73-I73-J73) -> 0 | L73: =IF(D73="no",F73*H62-J73,0) -> 0
A74: 2026-01-00 | B74: 수임료정산 | F74: =IF(D74="no",E74,E74/1.1) -> 0 | G74: =IF(D74="no",0,F74*0.1) -> 0 | H74: 0 | I74: =IF(D74="no",0,H74*3.3%) -> 0 | K74: =IF(D74="no",0,H74-I74-J74) -> 0 | L74: =IF(D74="no",F74*H62-J74,0) -> 0
A75: 2026-01-00 | B75: 명도비정산 | F75: =IF(D75="no",E75,E75/1.1) -> 0 | G75: =IF(D75="no",0,F75*0.1) -> 0 | H75: =(E78+E79+N78)/0.967 -> 0 | I75: =IF(D75="no",0,H75*3.3%) -> 0 | K75: =IF(D75="no",0,H75-I75-J75) -> 0
A76: 2026-01-00 | B76: 개인포상 | F76: =IF(D76="no",E76,E76/1.1) -> 0 | G76: =IF(D76="no",0,F76*0.1) -> 0 | I76: =IF(D76="no",0,H76*3.3%) -> 0 | K76: =IF(D76="no",0,H76-I76-J76) -> 0 | L76: =IF(D76="no",F76*H64-J76,0) -> 0
A77: 실적 합계 | E77: =SUM(E64:E76) -> 0 | F77: =SUM(F64:F76) -> 0 | G77: =SUM(G64:G76) -> 0 | H77: =SUM(H64:H76) -> 0 | I77: =SUM(I64:I76) -> 0 | J77: =SUM(J64:J76) -> 0 | K77: =SUM(K64:K76) -> 0
A78: 개인포상 | B78: 개인 계약실적 | C78: =D62 -> 0 | D78: 건 | I78: 식비공제(법인)
A79: 자동계산 | B79: 개인 매출실적 | C79: =ROUND(F77/10000,0) -> 0 | D79: 만원
A80: 실적포상, 공제 반영한 최종 정산 | F80: 식비공제후 (법인) 신고액 | H80: =H77-J78 -> 0 | I80: =H80*3.3% -> 0 | J80: =SUM(J77) -> 0 | K80: =H80-I80-J80 -> 0 | M80: =K80+L80 -> 0
H81: 1
A82: 이익규 | B82: =$B$34 -> 1월 | C82: 계약건: | D82: =COUNTIF($C84:$C96,"계약")+(COUNTIF($C84:$C96,"계약2")*2) -> 0 | E82: =COUNTIF(C84:C106,"낙찰수수료") -> 0 | G82: 2020.08.03 | H82: 0.5 | I82: 0.033
A83: 날짜 | B83: 고객명 | C83: 항목 | D83: VAT | E83: 입금액 | F83: 매출 | G83: 부가세 | H83: 소득신고 | I83: 소득세 | J83: 공제 | K83: 실지급(법인) | L83: 실지급(개인) | M83: 비고
F84: =IF(D84="no",E84,E84/1.1) -> 0 | G84: =IF(D84="no",0,F84*0.1) -> 0 | H84: =IF(D84="no",0,F84*H82) -> 0 | I84: =IF(D84="no",0,H84*3.3%) -> 0 | K84: =IF(D84="no",0,H84-I84-J84) -> 0 | L84: =IF(D84="no",F84*H82-J84,0) -> 0
F85: =IF(D85="no",E85,E85/1.1) -> 0 | G85: =IF(D85="no",0,F85*0.1) -> 0 | H85: =IF(D85="no",0,F85*H82) -> 0 | I85: =IF(D85="no",0,H85*3.3%) -> 0 | K85: =IF(D85="no",0,H85-I85-J85) -> 0 | L85: =IF(D85="no",F85*H83-J85,0) -> 0
F86: =IF(D86="no",E86,E86/1.1) -> 0 | G86: =IF(D86="no",0,F86*0.1) -> 0 | H86: =IF(D86="no",0,F86*H82) -> 0 | I86: =IF(D86="no",0,H86*3.3%) -> 0 | K86: =IF(D86="no",0,H86-I86-J86) -> 0 | L86: =IF(D86="no",F86*H82-J86,0) -> 0
F87: =IF(D87="no",E87,E87/1.1) -> 0 | G87: =IF(D87="no",0,F87*0.1) -> 0 | H87: =IF(D87="no",0,F87*H82) -> 0 | I87: =IF(D87="no",0,H87*3.3%) -> 0 | K87: =IF(D87="no",0,H87-I87-J87) -> 0 | L87: =IF(D87="no",F87*H82-J87,0) -> 0
F88: =IF(D88="no",E88,E88/1.1) -> 0 | G88: =IF(D88="no",0,F88*0.1) -> 0 | H88: =IF(D88="no",0,F88*H82) -> 0 | I88: =IF(D88="no",0,H88*3.3%) -> 0 | K88: =IF(D88="no",0,H88-I88-J88) -> 0 | L88: =IF(D88="no",F88*H82-J88,0) -> 0
F89: =IF(D89="no",E89,E89/1.1) -> 0 | G89: =IF(D89="no",0,F89*0.1) -> 0 | H89: =IF(D89="no",0,F89*H82) -> 0 | I89: =IF(D89="no",0,H89*3.3%) -> 0 | K89: =IF(D89="no",0,H89-I89-J89) -> 0
F90: =IF(D90="no",E90,E90/1.1) -> 0 | G90: =IF(D90="no",0,F90*0.1) -> 0 | H90: =IF(D90="no",0,F90*H82) -> 0 | I90: =IF(D90="no",0,H90*3.3%) -> 0 | K90: =IF(D90="no",0,H90-I90-J90) -> 0 | L90: =IF(D90="no",F90*H82-J90,0) -> 0
F91: =IF(D91="no",E91,E91/1.1) -> 0 | G91: =IF(D91="no",0,F91*0.1) -> 0 | H91: =IF(D91="no",0,F91*H82) -> 0 | I91: =IF(D91="no",0,H91*3.3%) -> 0 | K91: =IF(D91="no",0,H91-I91-J91) -> 0 | L91: =IF(D91="no",F91*H83-J91,0) -> 0
F92: =IF(D92="no",E92,E92/1.1) -> 0 | G92: =IF(D92="no",0,F92*0.1) -> 0 | H92: =IF(D92="no",0,F92*H82) -> 0 | I92: =IF(D92="no",0,H92*3.3%) -> 0 | K92: =IF(D92="no",0,H92-I92-J92) -> 0 | L92: =IF(D92="no",F92*H84-J92,0) -> 0
F93: =IF(D93="no",E93,E93/1.1) -> 0 | G93: =IF(D93="no",0,F93*0.1) -> 0 | H93: =IF(D93="no",0,F93*H82) -> 0 | I93: =IF(D93="no",0,H93*3.3%) -> 0 | K93: =IF(D93="no",0,H93-I93-J93) -> 0 | L93: =IF(D93="no",F93*H85-J93,0) -> 0
F94: =IF(D94="no",E94,E94/1.1) -> 0 | G94: =IF(D94="no",0,F94*0.1) -> 0 | H94: =IF(D94="no",0,F94*H82) -> 0 | I94: =IF(D94="no",0,H94*3.3%) -> 0 | K94: =IF(D94="no",0,H94-I94-J94) -> 0 | L94: =IF(D94="no",F94*H86-J94,0) -> 0
F95: =IF(D95="no",E95,E95/1.1) -> 0 | G95: =IF(D95="no",0,F95*0.1) -> 0 | H95: =IF(D95="no",0,F95*H82) -> 0 | I95: =IF(D95="no",0,H95*3.3%) -> 0 | K95: =IF(D95="no",0,H95-I95-J95) -> 0 | L95: =IF(D95="no",F95*H82-J95,0) -> 0
F96: =IF(D96="no",E96,E96/1.1) -> 0 | G96: =IF(D96="no",0,F96*0.1) -> 0 | H96: =IF(D96="no",0,F96*H82) -> 0 | I96: =IF(D96="no",0,H96*3.3%) -> 0 | K96: =IF(D96="no",0,H96-I96-J96) -> 0
F97: =IF(D97="no",E97,E97/1.1) -> 0 | G97: =IF(D97="no",0,F97*0.1) -> 0 | H97: =IF(D97="no",0,F97*H82) -> 0 | I97: =IF(D97="no",0,H97*3.3%) -> 0 | K97: =IF(D97="no",0,H97-I97-J97) -> 0
K98: =IF(D98="no",0,H98-I98-J98) -> 0
A100: 2026-01-00 | B100: 매수신청대리 | F100: =IF(D100="no",E100,E100/1.1) -> 0 | G100: =IF(D100="no",0,F100*0.1) -> 0 | H100: =IF(D100="no",0,F100*H81) -> 0 | I100: =IF(D100="no",0,H100*3.3%) -> 0 | K100: =IF(D100="no",0,H100-I100-J100) -> 0 | L100: =IF(D100="no",F100*#REF!-J100,0) -> 0
A101: 2026-01-00 | B101: 율해급여공제 | F101: =IF(D101="no",E101,E101/1.1) -> 0 | G101: =IF(D101="no",0,F101*0.1) -> 0 | I101: =IF(D101="no",0,H101*3.3%) -> 0 | J101: 0 | K101: =IF(D101="no",0,H101-I101-J101) -> 0 | L101: =IF(D101="no",F101*H82-J101,0) -> 0
A102: 2026-01-00 | B102: 명도비정산 | F102: =IF(D102="no",E102,E102/1.1) -> 0 | G102: =IF(D102="no",0,F102*0.1) -> 0 | I102: =IF(D102="no",0,H102*3.3%) -> 0 | K102: =IF(D102="no",0,H102-I102-J102) -> 0 | L102: =IF(D102="no",F102*H82-J102,0) -> 0
A103: 2026-01-00 | B103: 매출포상 | F103: =IF(D103="no",E103,E103/1.1) -> 0 | G103: =IF(D103="no",0,F103*0.1) -> 0 | H103: 0 | I103: =IF(D103="no",0,H103*3.3%) -> 0 | K103: =IF(D103="no",0,H103-I103-J103) -> 0
A104: 2026-01-00 | B104: 개인포상 | H104: 0 | I104: =IF(D104="no",0,H104*3.3%) -> 0 | K104: =IF(D104="no",0,H104-I104-J104) -> 0
A105: 2026-01-00 | B105: 팀포상 | F105: =IF(D105="no",E105,E105/1.1) -> 0 | G105: =IF(D105="no",0,F105*0.1) -> 0 | I105: =IF(D105="no",0,H105*3.3%) -> 0 | K105: =IF(D105="no",0,H105-I105-J105) -> 0
A106: 2026-01-00 | B106: 직급수당 | F106: =IF(D106="no",E106,E106/1.1) -> 0 | G106: =IF(D106="no",0,F106*0.1) -> 0 | H106: 0 | I106: =IF(D106="no",0,H106*3.3%) -> 0 | K106: =IF(D106="no",0,H106-I106-J106) -> 0 | L106: =IF(D106="no",F106*H84-J106,0) -> 0
A107: 실적 합계 | E107: =SUM(E84:E106) -> 0 | F107: =SUM(F84:F106) -> 0 | G107: =SUM(G84:G106) -> 0 | H107: =SUM(H84:H106) -> 0 | I107: =SUM(I84:I106) -> 0 | J107: =SUM(J84:J106) -> 0 | K107: =SUM(K84:K106) -> 0 | L107: =SUM(L84:L106) -> 0
A108: 개인포상 | B108: 개인 계약실적 | C108: =D82 -> 0 | D108: 건 | F108: 팀 계약(건) | G108: =C108+C136+C163 -> 3 | I108: 식비공제(법인) | J108: 0
A109: 자동계산 | B109: 개인 매출실적 | C109: =ROUND(F107/10000,0) -> 0 | D109: 만원 | F109: 팀 실적(만원) | G109: =C109+C137+C164 -> 208
...

Sheet 계약포상계산
B5: 개인포상<계약건수>
B8: =급여대장!C57 -> 4 | C8: 서정수 | E8: =급여대장!C478 -> 3 | F8: 진성헌 | H8: =급여대장!C1063 -> 5 | I8: 진은경 | K8: =급여대장!C1557 -> 3 | L8: 윤현석 | M8: 전지사(계약) | N8: 1위 | O8: =LARGE(CHOOSE({1,2,3,4}, B8:B25,E8:E25,H8:H25,K8:K25), 1) -> 10 | P8: 10건이상없음
B9: =급여대장!C78 -> 0 | C9: 김민서 | E9: =급여대장!C514 -> 3 | F9: 임태율 | H9: =급여대장!C1159 -> 5 | I9: 박비송 | K9: =급여대장!C1581 -> 5 | L9: 우진솔 | N9: 2위 | O9: =LARGE(CHOOSE({1,2,3,4}, B8:B25,E8:E25,H8:H25,K8:K25), 2) -> 8
B10: =급여대장!C108 -> 0 | C10: 이익규 | E10: =급여대장!C541 -> 1 | F10: 안중현 | H10: =급여대장!C1202 -> 3 | I10: 이태욱 | K10: =급여대장!C1619 -> 1 | L10: 강민석 | N10: 3위 | O10: =LARGE(CHOOSE({1,2,3,4}, B8:B25,E8:E25,H8:H25,K8:K25), 3) -> 6
E11: =급여대장!C582 -> 6 | F11: 이규진 | H11: =급여대장!C1247 -> 5 | I11: 박선호 | K11: =급여대장!C1641 -> 2 | L11: 도정운 | N11: 4위 | O11: =LARGE(CHOOSE({1,2,3,4}, B8:B25,E8:E25,H8:H25,K8:K25), 4) -> 6
B12: =급여대장!C136 -> 1 | C12: 박정규 | E12: =급여대장!C633 -> 3 | F12: 문지성 | H12: =급여대장!C1270 -> 0
B13: =급여대장!C163 -> 2 | C13: 백재원 | E13: =급여대장!C671 -> 4 | F13: 최병철 | H13: =급여대장!C1293 -> 1 | I13: 박종연 | M13: 본사(계약) | N13: 1위 | O13: =LARGE((B8:B25), 1) -> 10
E14: =급여대장!C698 -> 1 | F14: 노연숙 | H14: =급여대장!C1414 -> 2 | I14: 윤미진 | N14: 2위 | O14: =LARGE((B8:B25), 2) -> 8
B15: =급여대장!C213 -> 4 | C15: 정민준 | E15: =급여대장!C727 -> 2 | F15: 신은호 | H15: =급여대장!C1437 -> 1 | I15: 김일환 | N15: 3위 | O15: =LARGE((B8:B25), 3) -> 6
B16: =급여대장!C236 -> 0 | C16: 이진영 | E16: =급여대장!C764 -> 1 | F16: 최진웅 | H16: =급여대장!C1461 -> 0 | I16: 이동휘
B17: =급여대장!C260 -> 1 | C17: 지경현 | E17: =급여대장!C828 -> 4 | F17: 박정윤 | H17: =급여대장!C1479 -> 1 | I17: 조성재
B18: =급여대장!C302 -> 4 | C18: 조육형 | E18: =급여대장!C881 -> 4 | F18: 주효상 | H18: =급여대장!C1503 -> 0
B19: =급여대장!C284 -> 5 | C19: 윤태강 | E19: =급여대장!C932 -> 0 | F19: 조차훈 | H19: =급여대장!C1527 -> 0
B20: =급여대장!C337 -> 6 | C20: 최재명 | E20: 0
B21: =급여대장!C369 -> 10 | C21: 신유진 | E21: 0
B22: =급여대장!C399 -> 2 | C22: 박혜연 | E22: 0
B23: =급여대장!C418 -> 3 | C23: 김진우 | E23: 0
B24: =급여대장!C441 -> 8 | C24: 정수환 | E24: 0
B25: 0 | E25: 0
B28: =급여대장!C59 -> 400 | C28: 서정수 | E28: =급여대장!C479 -> 2510 | F28: 진성헌 | H28: =급여대장!C1064 -> 360 | I28: 진은경 | K28: =급여대장!C1558 -> 722 | L28: 윤현석 | M28: 전지사(매출) | N28: 1위 | O28: =LARGE(CHOOSE({1,2,3,4}, B28:B45,E28:E45,H28:H45,K28:K45), 1) -> 3726
B29: =급여대장!C79 -> 0 | C29: 김민서 | E29: =급여대장!C515 -> 564 | F29: 임태율 | H29: =급여대장!C1160 -> 988 | I29: 박비송 | K29: =급여대장!C1582 -> 1103 | L29: 우진솔 | N29: 2위 | O29: =LARGE(CHOOSE({1,2,3,4}, B28:B45,E28:E45,H28:H45,K28:K45), 2) -> 2510
B30: =급여대장!C109 -> 0 | C30: 이익규 | E30: =급여대장!C542 -> 300 | F30: 안중현 | H30: =급여대장!C1203 -> 315 | I30: 이태욱 | K30: =급여대장!C1620 -> 810 | L30: 강민석 | N30: 3위 | O30: =LARGE(CHOOSE({1,2,3,4}, B28:B45,E28:E45,H28:H45,K28:K45), 3) -> 2105
E31: =급여대장!C583 -> 1059 | F31: 이규진 | H31: =급여대장!C1248 -> 1500 | I31: 박선호 | K31: =급여대장!C1642 -> 300 | L31: 도정운 | N31: 4위 | O31: =LARGE(CHOOSE({1,2,3,4}, B28:B45,E28:E45,H28:H45,K28:K45), 4) -> 1680
B32: =급여대장!C137 -> 98 | C32: 박정규 | E32: =급여대장!C634 -> 150 | F32: 문지성 | H32: =급여대장!C1271 -> 0 | I32: 김준경
B33: =급여대장!C164 -> 110 | C33: 백재원 | E33: =급여대장!C672 -> 882 | F33: 최병철 | H33: =급여대장!C1294 -> 53 | I33: 박종연
E34: =급여대장!C699 -> 1680 | F34: 노연숙 | H34: =급여대장!C1415 -> 150 | I34: 윤미진
B35: =급여대장!C214 -> 669 | C35: 정민준 | E35: =급여대장!C728 -> 110 | F35: 신은호 | H35: =급여대장!C1438 -> 50 | I35: 김일환 | M35: 본사(매출) | N35: 1위 | O35: =LARGE((B28:B45), 1) -> 3726
B36: =급여대장!C237 -> 0 | C36: 이진영 | E36: =급여대장!C765 -> 2105 | F36: 최진웅 | H36: =급여대장!C1462 -> 8 | I36: 이동휘 | N36: 2위 | O36: =LARGE((B28:B45), 2) -> 1359
B37: =급여대장!C261 -> 50 | C37: 지경현 | E37: =급여대장!C829 -> 1501 | F37: 박정윤 | H37: =급여대장!C1480 -> 50 | I37: 조성재 | N37: 3위 | O37: =LARGE((B28:B45), 3) -> 1150
B38: =급여대장!C285 -> 725 | C38: 조육형 | E38: =급여대장!C882 -> 1260 | F38: 주효상 | H38: =급여대장!C1504 -> 0 | I38: 김아현 | N38: 4위 | O38: =LARGE((B28:B45), 4) -> 725
B39: =급여대장!C303 -> 220 | C39: 윤태강 | E39: =급여대장!C933 -> 0 | F39: 조차훈 | I39: 이진우
B40: =급여대장!C338 -> 3726 | C40: 최재명
B41: =급여대장!C370 -> 1150 | C41: 신유진 | E41: 0
B42: =급여대장!C400 -> 475 | C42: 박혜연 | E42: 0
B43: =급여대장!C419 -> 350 | C43: 김진우 | E43: 0
B44: =급여대장!C442 -> 1359 | C44: 정수환 | E44: 0
B45: 0 | E45: 0

Sheet 소득신고
A1: ■ ㈜엘앤씨 사업소득신고 | C1: (1월분)
A3: 금액 | B3: 갑근세(3.3%) | C3: 실지급액 | D3: 이름 | E3: 주민번호 | F3: 주소
A4: =급여대장!H60 -> 4000000 | B4: =A4*3.3% -> 132000 | C4: =A4-B4 -> 3868000 | D4: 서정수 | E4: 760503-1173511 | F4: 경기도 양주시 광적면 가래비11길 30, 108동 703호(성우헤스티아 아파트) | G4: (서정수)
A5: =급여대장!H110 -> 0 | B5: =A5*3.3% -> 0 | C5: =A5-B5 -> 0 | D5: 이익규 | E5: 890105-1173313 | F5: 경기도 의정부시 평화로196, 1520호 (호원동, 신일엘리시움아파트) | Q5: `
A6: =급여대장!H138 -> 467600 | B6: =A6*3.3% -> 15430.8 | C6: =A6-B6 -> 452169.2 | D6: 박정규 | E6: 901022-1024715 | F6: 경기도 의정부시 회룡로137번길 30, 101동 405호 (호원동, 현대아파트)
A7: =급여대장!K165/0.967 -> 521000 | B7: =A7*3.3% -> 17193 | C7: =A7-B7 -> 503807 | D7: 백재원 | E7: 910705-1037118 | F7: 서울특별시 서대문구 연희로39라길 12, 101호 (홍은동)
A9: =급여대장!K215/0.967 -> 3284881.8 | B9: =A9*3.3% -> 108401.1 | C9: =A9-B9 -> 3176480.7 | D9: 정민준 | E9: 880224-1030011 | F9: 경기도 양주시 고릉말로46번길 38-8, 광명빌라 B동 302호
A10: =급여대장!K262/0.967 -> 203464.32 | B10: =A10*3.3% -> 6714.3226 | C10: =A10-B10 -> 196750 | D10: 지경현 | E10: 930917-1043211 | F10: 경기도 고양시 일산서구 산현로132번길 10, 다동 202호(일산동, 두성빌라)
A11: =급여대장!H286 -> 3643545.5 | B11: =A11*3.3% -> 120237 | C11: =A11-B11 -> 3523308.5 | D11: 조육형 | E11: 691201-1398625 | F11: 경기도 의정부시 호국로1142번길 22, 108동 402호 (가능동, 브라운스통흥선)
A12: =급여대장!H304 -> 1018300 | B12: =A12*3.3% -> 33603.9 | C12: =A12-B12 -> 984696.1 | D12: 윤태강 | E12: 880319-1057317 | F12: 경기도 고양시 일산동구 강송로196, 107동 1205호 (마두동, 강촌마을)
A14: =급여대장!K339/0.967 -> 16754369 | B14: =A14*3.3% -> 552894.18 | C14: =A14-B14 -> 16201475 | D14: 최재명 | E14: 760404-1537918 | F14: 경기도 남양주시 별내2로 63, 3705동 801호 (별내동, 별내신도시 쌍용예가)
A15: =급여대장!K371/0.967 -> 6304000 | B15: =A15*3.3% -> 208032 | C15: =A15-B15 -> 6095968 | D15: 이동건 | E15: 710215-1809038 | F15: 경기도 포천시 소흘읍 태봉로83 503동 105호(추산마을주공아파트)
A16: =급여대장!H401 -> 2509272.7 | B16: =A16*3.3% -> 82806 | C16: =A16-B16 -> 2426466.7 | D16: 박혜연 | E16: 740721-2173917 | F16: 경기도 의정부시 범골로63번길 31 223동 201호 (의정부동, 롯데캐슬 골드파크 아파트
A17: =급여대장!H420 -> 1744700 | B17: =A17*3.3% -> 57575.1 | C17: =A17-B17 -> 1687124.9 | D17: 김진우 | E17: 760125-1058011 | F17: 경기도 하남시 미사강변한강로410번길 87, 202호 (덕풍동)
A18: =급여대장!H443 -> 6819600 | B18: =A18*3.3% -> 225046.8 | C18: =A18-B18 -> 6594553.2 | D18: 정수환 | E18: 851209-1032917 | F18: 서울특별시 강서구 곰달래로24길 12, 402호(화곡동, 동양하우징)
A20: =급여대장!K480/0.967 -> 15033063 | B20: =A20*3.3% -> 496091.07 | C20: =A20-B20 -> 14536972 | D20: 진성헌 | E20: 750115-1173513 | F20: 경기도 양주시 옥정서로1길 60, 옥정더퍼스트 아파트 1513동 1203호
A22: =급여대장!K516/0.967 -> 4365194.4 | B22: =A22*3.3% -> 144051.42 | C22: =A22-B22 -> 4221143 | D22: 임태율 | E22: 820505-1553427 | F22: 서울특별시 양천구 남부순환로83길 18, 202동 1303호 (신월동, 목동센트럴아이파크위브 2단지) | G22: (임태율)
A23: =급여대장!K584/0.967 -> 5244162.5 | B23: =A23*3.3% -> 173057.36 | C23: =A23-B23 -> 5071105.2 | D23: 이규진 | E23: 830228-2241214 | F23: 서울특별시 서대문구 이화여대8길 62, 101동 1806호 (북아현동, 두산아파트)
A24: =급여대장!H635 -> 703125 | B24: =A24*3.3% -> 23203.125 | C24: =A24-B24 -> 679921.87 | D24: 문지성 | E24: 781024-2233615 | F24: 서울특별시 강남구 밤고개로21길 25, 314동 103호 (자곡동, 래미안포레)
A25: =급여대장!H673 -> 4246934 | B25: =A25*3.3% -> 140148.82 | C25: =A25-B25 -> 4106785.2 | D25: 최병철 | E25: 750412-1233411 | F25: 경기도 고양시 덕양구 백양로 126, 1104동 1306호(화정동, 은빛마을)
A26: =급여대장!H700 -> 8335875 | B26: =A26*3.3% -> 275083.88 | C26: =A26-B26 -> 8060791.1 | D26: 노연숙 | E26: 710124-2546213 | F26: 경기도 고양시 덕양구 은빛로17번길 13
A27: =급여대장!K729/0.967 -> 550000 | B27: =A27*3.3% -> 18150 | C27: =A27-B27 -> 531850 | D27: 신은호 | E27: 831218-1006310 | F27: 서울특별시 구로구 오리로22길 34, 나동 302호 (궁동, 청실빌라)
A29: =급여대장!H766 -> 11607363 | B29: =A29*3.3% -> 383042.98 | C29: =A29-B29 -> 11224320 | D29: 최진웅 | E29: 810617-1064910 | F29: 경기도 고양시 덕양구 지축로 55, 106동 2603호(지축동, 지축역센트럴푸르지오)
A30: =급여대장!K830/0.967 -> 7405464.3 | B30: =A30*3.3% -> 244380.32 | C30: =A30-B30 -> 7161084 | D30: 박정윤 | E30: 800107-2553618 | F30: 인천광역시 연수구 새말로20, 505동 504호(연수동, 성일아파트)
A31: =급여대장!K883/0.967 -> 6266150 | B31: =A31*3.3% -> 206782.95 | C31: =A31-B31 -> 6059367 | D31: 주효상 | E31: 840123-1677317 | F31: 대구광역시 동구 동북로 340, 1008동 902호 (신암동, 동대구해모로스퀘어웨스트)
A32: =급여대장!H934 -> 0 | B32: =A32*3.3% -> 0 | C32: =A32-B32 -> 0 | D32: 김효섭 | E32: 770323-1637025 | F32: 서울특별시 중랑구 중랑천로2길 34-6(면목동) | G32: (조차훈)
A33: 0 | B33: =A33*3.3% -> 0 | C33: =A33-B33 -> 0 | D33: 장익성 | E33: 740925-1566110 | F33: 경기도 성남시 분당구 무지개로 144, 503동 1404호
A35: =급여대장!H1067 -> 1713850 | B35: =A35*3.3% -> 56557.05 | C35: =A35-B35 -> 1657292.9 | D35: 진은경 | E35: 780323-2094929 | F35: 부산광역시 남구 고동골로97번길 67, 702호 (문현동, 광원아파트)
A36: =급여대장!K1161/0.967 -> 4830822.7 | B36: =A36*3.3% -> 159417.15 | C36: =A36-B36 -> 4671405.6 | D36: 박비송 | E36: 870528-2111117 | F36: 부산광역시 수영구 광안해변로 311, 909호(민락동, 서희스타힐스센텀프리모)
A37: =급여대장!K1204/0.967 -> 1530737 | B37: =A37*3.3% -> 50514.323 | C37: =A37-B37 -> 1480222.7 | D37: 이태욱 | E37: 911111-1120616 | F37: 경상남도 양산시 물금읍 동중7길 21, A동 703호(삼위로얄아파트))
A38: =급여대장!K1249/0.967 -> 7500909.1 | B38: =A38*3.3% -> 247530 | C38: =A38-B38 -> 7253379.1 | D38: 박선호 | E38: 821230-1122327 | F38: 부산광역시 금정구 식물원로9번길 15, 101동2605호 (장전삼정그린코아더베스트)
A39: =급여대장!K1295/0.967 -> 277272.73 | B39: =A39*3.3% -> 9150 | C39: =A39-B39 -> 268122.73 | D39: 박종연 | E39: 840808-1559513 | F39: 경남 양산시 물금읍 백호로 156, 우성스마트시티뷰 101동 703호
A40: =급여대장!H1416 -> 712000 | B40: =A40*3.3% -> 23496 | C40: =A40-B40 -> 688504 | D40: 윤미진 | E40: 810926-2094210 | F40: 부산광역시 동래구 금강로 131번길 42, 201동, 902호 (레미안포레스티지)
A41: =급여대장!H1439 -> 250000 | B41: =A41*3.3% -> 8250 | C41: =A41-B41 -> 241750 | D41: 김일환 | E41: 880215-1126712 | F41: 부산광역시 금정구 체육공원로 56, 502호(구서동, 태평아파트)
A42: =급여대장!H1463 -> 72818.182 | B42: =A42*3.3% -> 2403 | C42: =A42-B42 -> 70415.182 | D42: 이동휘 | E42: 870424-1841912 | F42: 부산광역시 북구 상학로 35, 102동 1105호(만덕동, 더 래디언트 금정산_
A43: =급여대장!H1481 -> 200000 | B43: =A43*3.3% -> 6600 | C43: =A43-B43 -> 193400 | D43: 조성재 | E43: 930324-1094711 | F43: 부산광역시 부산진구 전포대로306번길 16,1102호(전포동, 르씨엘파크)
A45: =급여대장!H1559 -> 4681479.7 | B45: =A45*3.3% -> 154488.83 | C45: =A45-B45 -> 4526990.9 | D45: 윤현석 | E45: 841219-1063729 | F45: 대전광역시 중구 태평로 15, 122동 701호(태평동, 버드내마을아파트)
A46: =급여대장!K1583/0.967 -> 5417134.6 | B46: =A46*3.3% -> 178765.44 | C46: =A46-B46 -> 5238369.2 | D46: 우진솔 | E46: 941215-2078618 | F46: 대전광역시 서구 탄방로 50-21, 502호(탄방동, 드림빌라)
A47: =급여대장!H1621 -> 3849950 | B47: =A47*3.3% -> 127048.35 | C47: =A47-B47 -> 3722901.6 | D47: 강민석 | E47: 981208-1216119 | F47: 대전시 서구 괴정동 74-10, 304호
A48: =급여대장!H1643 -> 1289650 | B48: =A48*3.3% -> 42558.45 | C48: =A48-B48 -> 1247091.5 | D48: 도정운 | E48: 910228-2735912 | F48: 대전광역시 중구 보문산로161번길 55, 101동 508호 (문화동, 주공아파트)
A49: =급여대장!H1664 -> 600000 | B49: =A49*3.3% -> 19800 | C49: =A49-B49 -> 580200 | D49: 김성환 | E49: 970316-1852411 | F49: 울산광역시 북구 양정4길 15, 205동 801호 (양정동, 양정힐스테이트2차아파트)
A51: =90000/0.967 -> 93071.355 | B51: =A51*3.3% -> 3071.3547 | C51: =A51-B51 -> 90000 | D51: 문인환 | E51: 720929-1716518 | F51: 경상북도 김천시 혁신5로 11, 110동 502호
A52: =90000/0.967 -> 93071.355 | B52: =A52*3.3% -> 3071.3547 | C52: =A52-B52 -> 90000 | D52: 배창수 | E52: 650721-1542610 | F52: 서울특별시 마포구 월드컵로31길 110-4, 2층 1호 (망원동)
A53: =90000/0.967 -> 93071.355 | B53: =A53*3.3% -> 3071.3547 | C53: =A53-B53 -> 90000 | D53: 설길선 | E53: 780714-2666023 | F53: 서울특별시 광진구 군자동 63 극동하이츠빌라 가동 203호
A54: =90000/0.967 -> 93071.355 | B54: =A54*3.3% -> 3071.3547 | C54: =A54-B54 -> 90000 | D54: 변혜림 | E54: 721227-2031519 | F54: 서울특별시 노원구 한글비석로91 107동 306호 (하계동, 하계1차청구아파트)
A55: =540000/0.967 -> 558428.13 | B55: =A55*3.3% -> 18428.128 | C55: =A55-B55 -> 540000 | D55: 오효철 | E55: 561210-1162117 | F55: 경기 수원시 권선구 칠보로 102, 107동 701호 (한양수자인파크원)
A56: =90000/0.967 -> 93071.355 | B56: =A56*3.3% -> 3071.3547 | C56: =A56-B56 -> 90000 | D56: 유은경 | E56: 750321-2395212 | F56: 충남 서산시 공림4로20 (예천동)
A57: =90000/0.967 -> 93071.355 | B57: =A57*3.3% -> 3071.3547 | C57: =A57-B57 -> 90000 | D57: 이규호 | E57: 720707-1690526 | F57: 경기 시흥시 인선길 111, 251동 701호(매꼴마을동양덱스빌@)
A58: =180000/0.967 -> 186142.71 | B58: =A58*3.3% -> 6142.7094 | C58: =A58-B58 -> 180000 | D58: 이은주 | E58: 731225-2247124 | F58: 경기도 성남시 분당구 금곡동 210 코오롱트리펄리스I B동 1407호
A59: =180000/0.967 -> 186142.71 | B59: =A59*3.3% -> 6142.7094 | C59: =A59-B59 -> 180000 | D59: 전상욱 | E59: 961109-1860821 | F59: 경남 창원시 성산구 가음동 21-20, 212호
A60: =90000/0.967 -> 93071.355 | B60: =A60*3.3% -> 3071.3547 | C60: =A60-B60 -> 90000 | D60: 정윤정 | E60: 750721-2079937 | F60: 경기도 수원시 장안구 송정로 190, 105동703호
A61: =90000/0.967 -> 93071.355 | B61: =A61*3.3% -> 3071.3547 | C61: =A61-B61 -> 90000 | D61: 최용규 | E61: 760416-1252225 | F61: 대전시 서구 괴정로54번길 32 (괴정동)
A63: =3000000/0.967 -> 3102378.5 | B63: =A63*3.3% -> 102378.49 | C63: =A63-B63 -> 3000000 | D63: 한유정 | E63: 800929-2026322 | F63: 경기도 의정부시 호암로 256, 105동 302호 (호원동, 신일유토빌아파트) | G63: 1/13이체
A64: =1500000/0.967 -> 1551189.2 | B64: =A64*3.3% -> 51189.245 | C64: =A64-B64 -> 1500000 | D64: 최성주 | E64: 581125-1047229 | F64: 경기도 의정부시 장곡로 240, 113동 603호 (장암동, 장암동아아파트)
A66: =SUM(A4:A64) -> 1.5028354e+08 | B66: =SUM(B4:B64) -> 4959356.8 | C66: =SUM(C4:C64) -> 1.4532418e+08
D68: 유정인 | E68: 850224-2652410 | F68: 경기도 포천시 신북면 중앙로 405번길 62 | G68: 신유진
D69: 이동건 | E69: 710215-1809038 | F69: 경기도 포천시 소흘읍 태봉로83 503동 105호(추산마을주공아파트) | G69: (신유진)
D70: 김민서 | E70: 771206-2053118 | F70: 경기도 양주시 삼숭로58번길 115, 602동 306호 (삼숭동, 양주자이아파트)
A71: 0 | B71: =A71*3.3% -> 0 | C71: =A71-B71 -> 0 | D71: 최재명 | E71: 760404-1537918 | F71: 경기도 남양주시 별내2로 63, 3705동 801호 (별내동, 별내신도시 쌍용예가)
A73: =급여대장!H80 -> 0 | B73: =A73*3.3% -> 0 | C73: =A73-B73 -> 0 | D73: 김민서 | E73: 771206-2053118 | F73: 경기도 양주시 삼숭로58번길 115, 602동 306호 (삼숭동, 양주자이아파트)
D74: 서정수 | E74: 760503-1173511 | F74: 경기도 양주시 광적면 가래비11길 30, 108동 703호(성우헤스티아 아파트) | G74: (서정수)
D75: 안규빈 | E75: 820120-2079115 | F75: 서울특별실 강동구 아리수로 358(고덕동) | G75: (서정수)
D76: 박정란 | E76: 750426-2221314 | F76: 경기도 양주시 광적면 가래비11길 30, 108동 703호(성우헤스티아 아파트) | G76: (서정수)
D77: 이민주 | E77: 810119-2664315 | F77: 경기도 양주시 백석면 고릉말로64, 2동 401호(삼성에코빌) | G77: (서정수)
D78: 김원철 | E78: 660728-1173511 | F78: 부산광역시 서구 암남공원로 38-11 (암남동) | G78: (진성헌)
D79: 진성헌 | E79: 750115-1173513 | F79: 경기도 양주시 옥정서로1길 60, 옥정더퍼스트 아파트 1513동 1203호
D80: 김미경 | E80: 770915-2462722 | F80: 경기도 양주시 옥정서로1길 60, 옥정더퍼스트 아파트 1513동 1203호 | G80: (진성헌)
D81: 임태율 | E81: 820505-1553427 | F81: 서울특별시 양천구 남부순환로83길 18, 202동 1303호 (신월동, 목동센트럴아이파크위브 2단지)
D82: 박정규 | E82: 901022-1024715 | F82: 경기도 의정부시 회룡로137번길 30, 101동 405호 (호원동, 현대아파트)
D83: 주희진 | E83: 760201-2221217 | F83: 경기도 구리시 경춘로276번길 67-40 103동 1401호 (수택동, 남양i좋은집아파트)
D84: 박민송 | E84: 010905-4173119 | F84: 경기도 의정부시 범골로63번길 31 223동 201호 (의정부동, 롯데캐슬 골드파크 아파트
D85: 김수빈 | E85: 991004-1389912 | F85: 인천광역시 서구 서달로207번길 1, 10동 301호(가정동, 대진빌라)
D86: 이경서 | E86: 711209-2108614 | F86: 서울특별시 서초구 명달로26길 25, 301호 (서초동, 안나빌라)
D88: 정민호 | E88: 830222-1173516 | F88: 경기도 의정부시 평화로168번지 12, 103동 201호 (호원동, 건영아파트)
D89: 이익규 | E89: 890105-1173313 | F89: 경기도 의정부시 평화로196, 1520호 (호원동, 신일엘리시움아파트)
D90: 차진권 | E90: 820830-1235325 | F90: 경기도 고양시 덕양구 권율대로 831, 905동 703호 (신원동, 신원마을 호반베르디움 9단지)
D91: 진은경 | E91: 780323-2094929 | F91: 부산광역시 남구 고동골로97번길 67, 702호 (문현동, 광원아파트)
D93: 박종연 | E93: 840808-1559513 | F93: 경상남도 양산시 물금읍 백호로 156, 101동 703호 (우성스마트시티뷰)
D96: 김호용 | E96: 820816-1467016 | F96: 대전광역시 서구 청사로 281, 206동 805호(둔산동, 샘머리아파트)
... D100: 강민석 | E100: 981208-1216119 | F100: 대전시 서구 괴정동 74-10, 304호
A102: (엘앤씨 부동산중개법인) 2025-12 사업소득 내역
D103: 송기성 | E103: 800607-1031126 | F103: 서울시 노원구 노원로 428, 207동 101호 (상계동,상계중앙하이츠2차아파트)
D104: 추희진 | E104: 891119-2173418 | F104: 경기도 의정부시 신흥로239번길 20, 럭스타워 308호
D105: 이서아 | E105: 980222-2113311 | F105: 부산광역시 연제구 황새알로 12, 301호
D106: 김다영 | E106: 910301-2065317 | F106: 경기도 용인시 처인구 포곡읍 마성로 358-230
D107: 현진태 | E107: 950321-1674710 | F107: 경기도 의정부시 평화로272번길 29, 403호 (호원동, 푸른마을아파트)
D108: 김순기 | E108: 471225-2001711 | F108: 서울시특별시 노원구 노원로428 207동 101호
D109: 김지원 | E109: 920905-2126810 | F109: 부산광역시 동래구 쇠미로 185, 101동 1308호 (온천동, 경보이리스힐아파트)
D110: 김윤건 | E110: 790702-1221821 | F110: 경기 의정부 용현로 143 102동 202호
A112: =90000/0.967 -> 93071.355 | B112: =A112*3.3% -> 3071.3547 | C112: =A112-B112 -> 90000 | D112: 강성규 | E112: 640622-1123219 | F112: 서울특별시 영등포구 당산로 214, 424동 902호(당산동5가, 당산삼성래미안)
A113: =90000/0.967 -> 93071.355 | B113: =A113*3.3% -> 3071.3547 | C113: =A113-B113 -> 90000 | D113: 곽성민 | E113: 640105-1785341 | F113: 경북 경주시 감포읍 동해안로 2043-1
A114: =90000/0.967 -> 93071.355 | B114: =A114*3.3% -> 3071.3547 | C114: =A114-B114 -> 90000 | D114: 구민주 | E114: 691203-2769919 | F114: 대구광역시 북구 노우너로10길 40, 108동 205호 (노원동3가, 대구노원LH천년나무)
A115: =180000/0.967 -> 186142.71 | B115: =A115*3.3% -> 6142.7094 | C115: =A115-B115 -> 180000 | D115: 김수겸 | E115: 711204-1715717 | F115: 충북 청주시 층럭구 오송읍 오송생명7로 151
A116: =90000/0.967 -> 93071.355 | B116: =A116*3.3% -> 3071.3547 | C116: =A116-B116 -> 90000 | D116: 김성철 | E116: 670628-1626512 | F116: 전남 곡성군 옥과면 수리길 23-2
A117: =90000/0.967 -> 93071.355 | B117: =A117*3.3% -> 3071.3547 | C117: =A117-B117 -> 90000 | D117: 김은영 | E117: 871206-2121611 | F117: 경남 창원시 마산회원구삼호로 80, 207동 3601호(양덕동, 메트로시티2단지)
A118: =90000/0.967 -> 93071.355 | B118: =A118*3.3% -> 3071.3547 | C118: =A118-B118 -> 90000 | D118: 김정교 | E118: 680210-1490813 | F118: 경기 고양시 일산동구 강석고110 525동 907호 (마두동, 강촌마을)
A119: =90000/0.967 -> 93071.355 | B119: =A119*3.3% -> 3071.3547 | C119: =A119-B119 -> 90000 | D119: 김진원 | E119: 781225-1105914 | F119: 경남 거제시 신천읍 장평리 497
D120: 김종수 | E120: 610213-1567918 | F120: 전라북도 군산시 공단대로 427, (나운동)
A121: =90000/0.967 -> 93071.355 | B121: =A121*3.3% -> 3071.3547 | C121: =A121-B121 -> 90000 | D121: 곽성민 | E121: 640105-1785341 | F121: 경북 경주시 감포읍 동해안로 2043-1
A122: =90000/0.967 -> 93071.355 | B122: =A122*3.3% -> 3071.3547 | C122: =A122-B122 -> 90000 | D122: 권강회 | E122: 830221-1221412 | F122: 경기도 양주시 고덕로 89, 101동 1403호
...
